end,Revenues,CapEx,R&D,Ticker,Sector,CapEx_intensity,R&D_intensity,US_Total_CapEx_Millions
2008-09-30,892676000.0,,212910000.0,NVDA,semiconductor,,0.2385075884195385,4169540.0
2008-12-31,897655000.0,,212360000.0,NVDA,semiconductor,,0.2365719569322289,3900036.0
2009-03-31,897655000.0,,212360000.0,NVDA,semiconductor,,0.2365719569322289,3604446.0
2009-06-30,664231000.0,,301797000.0,NVDA,semiconductor,,0.4543554877745844,3450455.0
2009-09-30,776520000.0,,192855000.0,NVDA,semiconductor,,0.248358059032607,3464828.0
2009-12-31,2343957000.0,,692600000.0,NVDA,semiconductor,,0.2954832362539074,3597534.0
2010-03-31,2343957000.0,,692600000.0,NVDA,semiconductor,,0.2954832362539074,3623996.0
2010-06-30,1001813000.0,,218105000.0,NVDA,semiconductor,,0.2177102912419783,3770764.0
2010-09-30,1813021000.0,,428740000.0,NVDA,semiconductor,,0.2364782316365888,3867806.0
2010-12-31,843912000.0,,204527000.0,NVDA,semiconductor,,0.2423558380494648,3892007.0
2011-03-31,843912000.0,,204527000.0,NVDA,semiconductor,,0.2423558380494648,3861338.0
2011-06-30,962039000.0,31195000.0,231524000.0,NVDA,semiconductor,0.0324259203628958,0.2406596821958361,3944963.0
2011-09-30,1978556000.0,54518000.0,479245000.0,NVDA,semiconductor,0.0275544386916518,0.2422195783187334,3976618.0
2011-12-31,1066180000.0,93553000.0,256498000.0,NVDA,semiconductor,0.0877459715995423,0.240576638091129,4178714.0
2012-03-31,1066180000.0,93553000.0,256498000.0,NVDA,semiconductor,0.0877459715995423,0.240576638091129,4266694.0
2012-06-30,924877000.0,28923000.0,283902000.0,NVDA,semiconductor,0.0312722664743528,0.306961898717343,4331791.0
2012-09-30,1969147000.0,90867000.0,565095000.0,NVDA,semiconductor,0.0461453614179134,0.2869745123142152,4339022.0
2012-12-31,1204110000.0,135551000.0,284180000.0,NVDA,semiconductor,0.1125736020795442,0.2360083381086445,4345134.0
2013-03-31,1204110000.0,135551000.0,284180000.0,NVDA,semiconductor,0.1125736020795442,0.2360083381086445,4455945.0
2013-06-30,954739000.0,65667000.0,327161000.0,NVDA,semiconductor,0.0687800540252362,0.3426706146915544,4488030.0
2013-09-30,977238000.0,150653000.0,331738000.0,NVDA,semiconductor,0.1541620362695679,0.3394649000550531,4609098.0
2013-12-31,1053967000.0,188812000.0,340294000.0,NVDA,semiconductor,0.1791441288009966,0.3228696913660485,4656154.0
2014-03-31,1053967000.0,188812000.0,340294000.0,NVDA,semiconductor,0.1791441288009966,0.3228696913660485,4634194.0
2014-06-30,1103000000.0,29000000.0,334000000.0,NVDA,semiconductor,0.0262919310970081,0.3028105167724388,4818825.0
2014-09-30,1103000000.0,52000000.0,337000000.0,NVDA,semiconductor,0.0471441523118767,0.3055303717135086,4921976.0
2014-12-31,1225000000.0,91000000.0,340000000.0,NVDA,semiconductor,0.0742857142857142,0.2775510204081632,4972633.0
2015-03-31,1225000000.0,91000000.0,340000000.0,NVDA,semiconductor,0.0742857142857142,0.2775510204081632,5081280.0
2015-06-30,1151000000.0,30000000.0,339000000.0,NVDA,semiconductor,0.0260642919200695,0.2945264986967854,5133740.0
2015-09-30,2304000000.0,54000000.0,658000000.0,NVDA,semiconductor,0.0234375,0.2855902777777778,5159649.0
2015-12-31,1305000000.0,71000000.0,329000000.0,NVDA,semiconductor,0.0544061302681992,0.2521072796934865,5129514.0
2016-03-31,1305000000.0,71000000.0,329000000.0,NVDA,semiconductor,0.0544061302681992,0.2521072796934865,5125028.0
2016-06-30,1305000000.0,55000000.0,346000000.0,NVDA,semiconductor,0.0421455938697318,0.2651340996168582,5131559.0
2016-09-30,1428000000.0,87000000.0,350000000.0,NVDA,semiconductor,0.0609243697478991,0.2450980392156862,5165786.0
2016-12-31,2004000000.0,125000000.0,373000000.0,NVDA,semiconductor,0.062375249500998,0.186127744510978,5282608.0
2017-03-31,2004000000.0,125000000.0,373000000.0,NVDA,semiconductor,0.062375249500998,0.186127744510978,5294668.0
2017-06-30,1937000000.0,54000000.0,411000000.0,NVDA,semiconductor,0.02787816210635,0.2121837893649974,5384584.0
2017-09-30,2230000000.0,108000000.0,416000000.0,NVDA,semiconductor,0.0484304932735426,0.1865470852017937,5481513.0
2017-12-31,2636000000.0,177000000.0,462000000.0,NVDA,semiconductor,0.0671471927162367,0.1752655538694992,5622002.0
2018-03-31,2636000000.0,177000000.0,462000000.0,NVDA,semiconductor,0.0671471927162367,0.1752655538694992,5715435.0
2018-06-30,3207000000.0,118000000.0,542000000.0,NVDA,semiconductor,0.036794512004989,0.1690053009042719,5755903.0
2018-09-30,6330000000.0,247000000.0,1124000000.0,NVDA,semiconductor,0.0390205371248025,0.1775671406003159,5894057.0
2018-12-31,3181000000.0,397000000.0,605000000.0,NVDA,semiconductor,0.1248035209053756,0.1901917635963533,5905297.0
2019-03-31,3181000000.0,397000000.0,605000000.0,NVDA,semiconductor,0.1248035209053756,0.1901917635963533,5975893.0
2019-06-30,2220000000.0,128000000.0,674000000.0,NVDA,semiconductor,0.0576576576576576,0.3036036036036036,6064499.0
2019-09-30,2579000000.0,241000000.0,704000000.0,NVDA,semiconductor,0.0934470725087243,0.2729740209383482,6137987.0
2019-12-31,3014000000.0,344000000.0,712000000.0,NVDA,semiconductor,0.1141340411413404,0.2362309223623092,6087481.0
2020-03-31,3014000000.0,344000000.0,712000000.0,NVDA,semiconductor,0.1141340411413404,0.2362309223623092,5992472.0
2020-06-30,3080000000.0,155000000.0,735000000.0,NVDA,semiconductor,0.0503246753246753,0.2386363636363636,5447396.0
2020-09-30,3866000000.0,372000000.0,997000000.0,NVDA,semiconductor,0.0962234868080703,0.2578892912571133,6358582.0
2020-12-31,4726000000.0,372000000.0,1047000000.0,NVDA,semiconductor,0.0787134997884045,0.2215404147270419,6551112.0
2021-03-31,4726000000.0,372000000.0,1047000000.0,NVDA,semiconductor,0.0787134997884045,0.2215404147270419,6645978.0
2021-06-30,5661000000.0,372000000.0,1153000000.0,NVDA,semiconductor,0.0657127715951245,0.2036742624977919,6767112.0
2021-09-30,12168000000.0,372000000.0,2398000000.0,NVDA,semiconductor,0.0305719921104536,0.1970742932281393,6897278.0
2021-12-31,19271000000.0,372000000.0,3802000000.0,NVDA,semiconductor,0.0193036168335841,0.1972912666701261,7350034.0
2022-03-31,19271000000.0,372000000.0,3802000000.0,NVDA,semiconductor,0.0193036168335841,0.1972912666701261,7598204.0
2022-06-30,8288000000.0,372000000.0,1618000000.0,NVDA,semiconductor,0.0448841698841698,0.1952220077220077,7614309.0
2022-09-30,6704000000.0,372000000.0,1824000000.0,NVDA,semiconductor,0.055489260143198,0.2720763723150358,7632395.0
2022-12-31,5931000000.0,372000000.0,1945000000.0,NVDA,semiconductor,0.0627212948912493,0.3279379531276344,7752262.0
2023-03-31,5931000000.0,372000000.0,1945000000.0,NVDA,semiconductor,0.0627212948912493,0.3279379531276344,7784844.0
2023-06-30,7192000000.0,372000000.0,1875000000.0,NVDA,semiconductor,0.0517241379310344,0.260706340378198,7888962.0
2023-09-30,13507000000.0,372000000.0,2040000000.0,NVDA,semiconductor,0.0275412748944991,0.1510327978085437,8038434.0
2023-12-31,18120000000.0,372000000.0,2294000000.0,NVDA,semiconductor,0.0205298013245033,0.1266004415011037,8127426.0
2024-03-31,18120000000.0,372000000.0,2294000000.0,NVDA,semiconductor,0.0205298013245033,0.1266004415011037,8157174.0
2024-06-30,26044000000.0,372000000.0,2720000000.0,NVDA,semiconductor,0.0142835201965903,0.1044386422976501,8334592.0
2024-09-30,56084000000.0,372000000.0,5810000000.0,NVDA,semiconductor,0.0066329077811853,0.1035946080878682,8434011.0
2024-12-31,35082000000.0,372000000.0,3390000000.0,NVDA,semiconductor,0.0106037284077304,0.0966307508123824,8441732.0
2025-03-31,35082000000.0,372000000.0,3390000000.0,NVDA,semiconductor,0.0106037284077304,0.0966307508123824,8734013.0
2025-06-30,44062000000.0,372000000.0,3989000000.0,NVDA,semiconductor,0.0084426489945985,0.0905315237619717,8578704.0
2025-09-30,90805000000.0,372000000.0,8280000000.0,NVDA,semiconductor,0.0040966907108639,0.091184406145036,8660814.0
2025-12-31,57006000000.0,372000000.0,4705000000.0,NVDA,semiconductor,0.0065256288811704,0.0825351717363084,
2009-06-30,,196000000.0,425000000.0,AMD,semiconductor,,,3450455.0
2009-09-30,,293000000.0,420000000.0,AMD,semiconductor,,,3464828.0
2009-12-31,,293000000.0,420000000.0,AMD,semiconductor,,,3597534.0
2010-03-31,,48000000.0,323000000.0,AMD,semiconductor,,,3623996.0
2010-06-30,,79000000.0,371000000.0,AMD,semiconductor,,,3770764.0
2010-09-30,,110000000.0,1053000000.0,AMD,semiconductor,,,3867806.0
2010-12-31,,110000000.0,1053000000.0,AMD,semiconductor,,,3892007.0
2011-03-31,,110000000.0,1053000000.0,AMD,semiconductor,,,3861338.0
2011-06-30,,38000000.0,367000000.0,AMD,semiconductor,,,3944963.0
2011-09-30,,105000000.0,734000000.0,AMD,semiconductor,,,3976618.0
2011-12-31,,163000000.0,1095000000.0,AMD,semiconductor,,,4178714.0
2012-03-31,,40000000.0,368000000.0,AMD,semiconductor,,,4266694.0
2012-06-30,,79000000.0,713000000.0,AMD,semiconductor,,,4331791.0
2012-09-30,,111000000.0,328000000.0,AMD,semiconductor,,,4339022.0
2012-12-31,,111000000.0,328000000.0,AMD,semiconductor,,,4345134.0
2013-03-31,,20000000.0,312000000.0,AMD,semiconductor,,,4455945.0
2013-06-30,,48000000.0,308000000.0,AMD,semiconductor,,,4488030.0
2013-09-30,,63000000.0,288000000.0,AMD,semiconductor,,,4609098.0
2013-12-31,,63000000.0,288000000.0,AMD,semiconductor,,,4656154.0
2014-03-31,,21000000.0,279000000.0,AMD,semiconductor,,,4634194.0
2014-06-30,,44000000.0,277000000.0,AMD,semiconductor,,,4818825.0
2014-09-30,,73000000.0,278000000.0,AMD,semiconductor,,,4921976.0
2014-12-31,,73000000.0,278000000.0,AMD,semiconductor,,,4972633.0
2015-03-31,,22000000.0,242000000.0,AMD,semiconductor,,,5081280.0
2015-06-30,,39000000.0,235000000.0,AMD,semiconductor,,,5133740.0
2015-09-30,,64000000.0,241000000.0,AMD,semiconductor,,,5159649.0
2015-12-31,,64000000.0,241000000.0,AMD,semiconductor,,,5129514.0
2016-03-31,,26000000.0,242000000.0,AMD,semiconductor,,,5125028.0
2016-06-30,,47000000.0,243000000.0,AMD,semiconductor,,,5131559.0
2016-09-30,,56000000.0,259000000.0,AMD,semiconductor,,,5165786.0
2016-12-31,,56000000.0,259000000.0,AMD,semiconductor,,,5282608.0
2017-03-31,,56000000.0,259000000.0,AMD,semiconductor,,,5294668.0
2017-06-30,,23000000.0,271000000.0,AMD,semiconductor,,,5384584.0
2017-09-30,1584000000.0,69000000.0,320000000.0,AMD,semiconductor,0.043560606060606,0.202020202020202,5481513.0
2017-12-31,1584000000.0,69000000.0,320000000.0,AMD,semiconductor,0.043560606060606,0.202020202020202,5622002.0
2018-03-31,1584000000.0,46000000.0,343000000.0,AMD,semiconductor,0.029040404040404,0.216540404040404,5715435.0
2018-06-30,1584000000.0,89000000.0,700000000.0,AMD,semiconductor,0.0561868686868686,0.4419191919191919,5755903.0
2018-09-30,1584000000.0,122000000.0,1063000000.0,AMD,semiconductor,0.077020202020202,0.6710858585858586,5894057.0
2018-12-31,1584000000.0,122000000.0,1063000000.0,AMD,semiconductor,0.077020202020202,0.6710858585858586,5905297.0
2019-03-31,1584000000.0,62000000.0,373000000.0,AMD,semiconductor,0.0391414141414141,0.2354797979797979,5975893.0
2019-06-30,1584000000.0,120000000.0,373000000.0,AMD,semiconductor,0.0757575757575757,0.2354797979797979,6064499.0
2019-09-30,1584000000.0,175000000.0,406000000.0,AMD,semiconductor,0.1104797979797979,0.2563131313131313,6137987.0
2019-12-31,1584000000.0,175000000.0,406000000.0,AMD,semiconductor,0.1104797979797979,0.2563131313131313,6087481.0
2020-03-31,1584000000.0,55000000.0,442000000.0,AMD,semiconductor,0.0347222222222222,0.279040404040404,5992472.0
2020-06-30,1584000000.0,146000000.0,460000000.0,AMD,semiconductor,0.0921717171717171,0.2904040404040404,5447396.0
2020-09-30,1584000000.0,220000000.0,508000000.0,AMD,semiconductor,0.1388888888888889,0.3207070707070707,6358582.0
2020-12-31,1584000000.0,220000000.0,508000000.0,AMD,semiconductor,0.1388888888888889,0.3207070707070707,6551112.0
2021-03-31,1584000000.0,66000000.0,610000000.0,AMD,semiconductor,0.0416666666666666,0.3851010101010101,6645978.0
2021-06-30,1584000000.0,130000000.0,659000000.0,AMD,semiconductor,0.082070707070707,0.4160353535353535,6767112.0
2021-09-30,1584000000.0,215000000.0,765000000.0,AMD,semiconductor,0.1357323232323232,0.4829545454545454,6897278.0
2021-12-31,1584000000.0,215000000.0,765000000.0,AMD,semiconductor,0.1357323232323232,0.4829545454545454,7350034.0
2022-03-31,1584000000.0,71000000.0,1060000000.0,AMD,semiconductor,0.0448232323232323,0.6691919191919192,7598204.0
2022-06-30,1584000000.0,203000000.0,2360000000.0,AMD,semiconductor,0.1281565656565656,1.4898989898989898,7614309.0
2022-09-30,1584000000.0,326000000.0,1279000000.0,AMD,semiconductor,0.2058080808080808,0.8074494949494949,7632395.0
2022-12-31,1584000000.0,326000000.0,1279000000.0,AMD,semiconductor,0.2058080808080808,0.8074494949494949,7752262.0
2023-03-31,1584000000.0,326000000.0,1279000000.0,AMD,semiconductor,0.2058080808080808,0.8074494949494949,7784844.0
2023-06-30,1584000000.0,158000000.0,1411000000.0,AMD,semiconductor,0.0997474747474747,0.8907828282828283,7888962.0
2023-09-30,1584000000.0,407000000.0,4361000000.0,AMD,semiconductor,0.2569444444444444,2.7531565656565657,8038434.0
2023-12-31,1584000000.0,407000000.0,4361000000.0,AMD,semiconductor,0.2569444444444444,2.7531565656565657,8127426.0
2024-03-31,1584000000.0,142000000.0,1525000000.0,AMD,semiconductor,0.0896464646464646,0.9627525252525252,8157174.0
2024-06-30,1584000000.0,296000000.0,3108000000.0,AMD,semiconductor,0.1868686868686868,1.962121212121212,8334592.0
2024-09-30,1584000000.0,428000000.0,1636000000.0,AMD,semiconductor,0.2702020202020202,1.0328282828282829,8434011.0
2024-12-31,1584000000.0,428000000.0,1636000000.0,AMD,semiconductor,0.2702020202020202,1.0328282828282829,8441732.0
2025-03-31,1584000000.0,212000000.0,1728000000.0,AMD,semiconductor,0.1338383838383838,1.0909090909090908,8734013.0
2025-06-30,1584000000.0,494000000.0,1894000000.0,AMD,semiconductor,0.3118686868686868,1.1957070707070707,8578704.0
2025-09-30,1584000000.0,752000000.0,2139000000.0,AMD,semiconductor,0.4747474747474747,1.3503787878787878,8660814.0
2008-06-30,,2058000000.0,1468000000.0,INTC,semiconductor,,,4241268.0
2008-09-30,,3432000000.0,1471000000.0,INTC,semiconductor,,,4169540.0
2008-12-31,,3432000000.0,1471000000.0,INTC,semiconductor,,,3900036.0
2009-03-31,,1509000000.0,1317000000.0,INTC,semiconductor,,,3604446.0
2009-06-30,,2490000000.0,1303000000.0,INTC,semiconductor,,,3450455.0
2009-09-30,,3434000000.0,4050000000.0,INTC,semiconductor,,,3464828.0
2009-12-31,,3434000000.0,4050000000.0,INTC,semiconductor,,,3597534.0
2010-03-31,,928000000.0,1564000000.0,INTC,semiconductor,,,3623996.0
2010-06-30,,1976000000.0,3230000000.0,INTC,semiconductor,,,3770764.0
2010-09-30,,3338000000.0,1675000000.0,INTC,semiconductor,,,3867806.0
2010-12-31,,3338000000.0,1675000000.0,INTC,semiconductor,,,3892007.0
2011-03-31,,3338000000.0,1675000000.0,INTC,semiconductor,,,3861338.0
2011-06-30,,2723000000.0,1916000000.0,INTC,semiconductor,,,3944963.0
2011-09-30,,5207000000.0,3902000000.0,INTC,semiconductor,,,3976618.0
2011-12-31,,7920000000.0,2140000000.0,INTC,semiconductor,,,4178714.0
2012-03-31,,2974000000.0,2401000000.0,INTC,semiconductor,,,4266694.0
2012-06-30,,5636000000.0,4914000000.0,INTC,semiconductor,,,4331791.0
2012-09-30,,8523000000.0,2605000000.0,INTC,semiconductor,,,4339022.0
2012-12-31,,8523000000.0,2605000000.0,INTC,semiconductor,,,4345134.0
2013-03-31,,2174000000.0,2527000000.0,INTC,semiconductor,,,4455945.0
2013-06-30,,4897000000.0,2516000000.0,INTC,semiconductor,,,4488030.0
2013-09-30,,7763000000.0,2742000000.0,INTC,semiconductor,,,4609098.0
2013-12-31,,7763000000.0,2742000000.0,INTC,semiconductor,,,4656154.0
2014-03-31,,2689000000.0,2846000000.0,INTC,semiconductor,,,4634194.0
2014-06-30,,5517000000.0,2859000000.0,INTC,semiconductor,,,4818825.0
2014-09-30,,7962000000.0,2842000000.0,INTC,semiconductor,,,4921976.0
2014-12-31,,7962000000.0,2842000000.0,INTC,semiconductor,,,4972633.0
2015-03-31,,2025000000.0,2995000000.0,INTC,semiconductor,,,5081280.0
2015-06-30,,3792000000.0,6082000000.0,INTC,semiconductor,,,5133740.0
2015-09-30,,4998000000.0,2927000000.0,INTC,semiconductor,,,5159649.0
2015-12-31,,4998000000.0,2927000000.0,INTC,semiconductor,,,5129514.0
2016-03-31,,4998000000.0,2927000000.0,INTC,semiconductor,,,5125028.0
2016-06-30,,1346000000.0,3246000000.0,INTC,semiconductor,,,5131559.0
2016-09-30,,3632000000.0,3145000000.0,INTC,semiconductor,,,5165786.0
2016-12-31,,6095000000.0,3069000000.0,INTC,semiconductor,,,5282608.0
2017-03-31,,6095000000.0,3069000000.0,INTC,semiconductor,,,5294668.0
2017-06-30,,1952000000.0,3311000000.0,INTC,semiconductor,,,5384584.0
2017-09-30,16149000000.0,7709000000.0,3209000000.0,INTC,semiconductor,0.4773670196296984,0.1987119945507461,5481513.0
2017-12-31,16149000000.0,7709000000.0,3209000000.0,INTC,semiconductor,0.4773670196296984,0.1987119945507461,5622002.0
2018-03-31,16066000000.0,2910000000.0,3311000000.0,INTC,semiconductor,0.1811278476285323,0.2060873895182372,5715435.0
2018-06-30,16962000000.0,7440000000.0,6682000000.0,INTC,semiconductor,0.4386275203395826,0.3939393939393939,5755903.0
2018-09-30,52191000000.0,11291000000.0,3428000000.0,INTC,semiconductor,0.2163399819892318,0.0656818225364526,5894057.0
2018-12-31,52191000000.0,11291000000.0,3428000000.0,INTC,semiconductor,0.2163399819892318,0.0656818225364526,5905297.0
2019-03-31,16061000000.0,3321000000.0,3332000000.0,INTC,semiconductor,0.2067741734636697,0.2074590623248863,5975893.0
2019-06-30,16505000000.0,6875000000.0,3438000000.0,INTC,semiconductor,0.4165404422902151,0.2083005149954559,6064499.0
2019-09-30,19190000000.0,11547000000.0,3208000000.0,INTC,semiconductor,0.6017196456487754,0.1671704012506513,6137987.0
2019-12-31,19190000000.0,11547000000.0,3208000000.0,INTC,semiconductor,0.6017196456487754,0.1671704012506513,6087481.0
2020-03-31,19828000000.0,3268000000.0,3275000000.0,INTC,semiconductor,0.1648174298971152,0.1651704660076659,5992472.0
2020-06-30,19728000000.0,6676000000.0,3354000000.0,INTC,semiconductor,0.3384022708840227,0.1700121654501216,5447396.0
2020-09-30,57889000000.0,10392000000.0,3272000000.0,INTC,semiconductor,0.1795159702188671,0.0565219644492045,6358582.0
2020-12-31,57889000000.0,10392000000.0,3272000000.0,INTC,semiconductor,0.1795159702188671,0.0565219644492045,6551112.0
2021-03-31,19673000000.0,3972000000.0,3623000000.0,INTC,semiconductor,0.2019010827021806,0.1841610328877141,6645978.0
2021-06-30,19631000000.0,7574000000.0,7338000000.0,INTC,semiconductor,0.3858183485303856,0.3737965462788447,6767112.0
2021-09-30,19192000000.0,11579000000.0,11141000000.0,INTC,semiconductor,0.6033243017924135,0.5805022926219258,6897278.0
2021-12-31,19192000000.0,11579000000.0,11141000000.0,INTC,semiconductor,0.6033243017924135,0.5805022926219258,7350034.0
2022-03-31,19192000000.0,11579000000.0,11141000000.0,INTC,semiconductor,0.6033243017924135,0.5805022926219258,7598204.0
2022-06-30,18353000000.0,4604000000.0,4362000000.0,INTC,semiconductor,0.2508581703263771,0.237672315152836,7614309.0
2022-09-30,24664000000.0,11846000000.0,4400000000.0,INTC,semiconductor,0.4802951670450859,0.1783976646123905,7632395.0
2022-12-31,15338000000.0,19145000000.0,4302000000.0,INTC,semiconductor,1.2482070674142651,0.2804798539574912,7752262.0
2023-03-31,15338000000.0,19145000000.0,4302000000.0,INTC,semiconductor,1.2482070674142651,0.2804798539574912,7784844.0
2023-06-30,11715000000.0,7413000000.0,4109000000.0,INTC,semiconductor,0.6327784891165172,0.3507469056764831,7888962.0
2023-09-30,38822000000.0,19054000000.0,3870000000.0,INTC,semiconductor,0.4908041831950955,0.0996857451960228,8038434.0
2023-12-31,38822000000.0,19054000000.0,3870000000.0,INTC,semiconductor,0.4908041831950955,0.0996857451960228,8127426.0
2024-03-31,12724000000.0,5970000000.0,4382000000.0,INTC,semiconductor,0.4691920779629047,0.3443885570575291,8157174.0
2024-06-30,12833000000.0,11652000000.0,8621000000.0,INTC,semiconductor,0.9079716356268994,0.671783682693057,8334592.0
2024-09-30,13284000000.0,18110000000.0,4049000000.0,INTC,semiconductor,1.3632941884974406,0.3048027702499247,8434011.0
2024-12-31,13284000000.0,18110000000.0,4049000000.0,INTC,semiconductor,1.3632941884974406,0.3048027702499247,8441732.0
2025-03-31,12667000000.0,5183000000.0,3640000000.0,INTC,semiconductor,0.4091734428041367,0.2873608589247651,8734013.0
2025-06-30,12859000000.0,8733000000.0,7324000000.0,INTC,semiconductor,0.6791352360214635,0.5695621743525935,8578704.0
2025-09-30,13653000000.0,11158000000.0,3231000000.0,INTC,semiconductor,0.8172562806709148,0.2366512854317732,8660814.0
2014-09-30,16523000000.0,7408000000.0,2655000000.0,GOOGL,hyperscaler,0.4483447315862737,0.1606851056103613,4921976.0
2014-12-31,16523000000.0,7408000000.0,2655000000.0,GOOGL,hyperscaler,0.4483447315862737,0.1606851056103613,4972633.0
2015-03-31,17258000000.0,2927000000.0,2753000000.0,GOOGL,hyperscaler,0.1696025031869278,0.1595202225055046,5081280.0
2015-06-30,34985000000.0,2515000000.0,2789000000.0,GOOGL,hyperscaler,0.0718879519794197,0.0797198799485493,5133740.0
2015-09-30,53660000000.0,2383000000.0,8772000000.0,GOOGL,hyperscaler,0.0444092433842713,0.163473723443906,5159649.0
2015-12-31,53660000000.0,2383000000.0,8772000000.0,GOOGL,hyperscaler,0.0444092433842713,0.163473723443906,5129514.0
2016-03-31,20257000000.0,2444000000.0,3367000000.0,GOOGL,hyperscaler,0.1206496519721577,0.1662141481956854,5125028.0
2016-06-30,41757000000.0,4580000000.0,6730000000.0,GOOGL,hyperscaler,0.1096822089709509,0.1611705821778384,5131559.0
2016-09-30,22451000000.0,2554000000.0,10326000000.0,GOOGL,hyperscaler,0.1137588526123558,0.4599349694891096,5165786.0
2016-12-31,22451000000.0,2554000000.0,10326000000.0,GOOGL,hyperscaler,0.1137588526123558,0.4599349694891096,5282608.0
2017-03-31,24750000000.0,2508000000.0,3942000000.0,GOOGL,hyperscaler,0.1013333333333333,0.1592727272727272,5294668.0
2017-06-30,50760000000.0,5339000000.0,8114000000.0,GOOGL,hyperscaler,0.1051812450748621,0.1598502758077226,5384584.0
2017-09-30,27772000000.0,3538000000.0,4205000000.0,GOOGL,hyperscaler,0.1273944980555955,0.1514114935906668,5481513.0
2017-12-31,27772000000.0,3538000000.0,4205000000.0,GOOGL,hyperscaler,0.1273944980555955,0.1514114935906668,5622002.0
2018-03-31,31146000000.0,7299000000.0,5039000000.0,GOOGL,hyperscaler,0.2343479098439607,0.1617864252231426,5715435.0
2018-06-30,63803000000.0,5477000000.0,5114000000.0,GOOGL,hyperscaler,0.0858423585097879,0.080152970863439,5755903.0
2018-09-30,33740000000.0,18058000000.0,5232000000.0,GOOGL,hyperscaler,0.5352104327208062,0.1550681683461766,5894057.0
2018-12-31,33740000000.0,18058000000.0,5232000000.0,GOOGL,hyperscaler,0.5352104327208062,0.1550681683461766,5905297.0
2019-03-31,36339000000.0,4638000000.0,6029000000.0,GOOGL,hyperscaler,0.1276314703211425,0.1659099039599328,5975893.0
2019-06-30,36339000000.0,6126000000.0,12242000000.0,GOOGL,hyperscaler,0.1685792124164121,0.3368832383940119,6064499.0
2019-09-30,36339000000.0,6732000000.0,18796000000.0,GOOGL,hyperscaler,0.1852555106084372,0.5172404303915903,6137987.0
2019-12-31,36339000000.0,6732000000.0,18796000000.0,GOOGL,hyperscaler,0.1852555106084372,0.5172404303915903,6087481.0
2020-03-31,41159000000.0,6005000000.0,6820000000.0,GOOGL,hyperscaler,0.1458976165601691,0.165698875094147,5992472.0
2020-06-30,38297000000.0,11396000000.0,6875000000.0,GOOGL,hyperscaler,0.2975690001827819,0.1795179779094968,5447396.0
2020-09-30,38297000000.0,16802000000.0,6856000000.0,GOOGL,hyperscaler,0.4387288821578713,0.1790218554978196,6358582.0
2020-12-31,38297000000.0,16802000000.0,6856000000.0,GOOGL,hyperscaler,0.4387288821578713,0.1790218554978196,6551112.0
2021-03-31,55314000000.0,5942000000.0,7485000000.0,GOOGL,hyperscaler,0.1074230755324149,0.1353183642477492,6645978.0
2021-06-30,61880000000.0,11438000000.0,7675000000.0,GOOGL,hyperscaler,0.184841628959276,0.1240303813833225,6767112.0
2021-09-30,61880000000.0,18257000000.0,22854000000.0,GOOGL,hyperscaler,0.2950387847446671,0.369327731092437,6897278.0
2021-12-31,61880000000.0,18257000000.0,22854000000.0,GOOGL,hyperscaler,0.2950387847446671,0.369327731092437,7350034.0
2022-03-31,61880000000.0,9786000000.0,9119000000.0,GOOGL,hyperscaler,0.1581447963800905,0.1473658694246929,7598204.0
2022-06-30,61880000000.0,16614000000.0,9841000000.0,GOOGL,hyperscaler,0.2684873949579832,0.1590336134453781,7614309.0
2022-09-30,61880000000.0,23890000000.0,29233000000.0,GOOGL,hyperscaler,0.3860698125404008,0.4724143503555268,7632395.0
2022-12-31,61880000000.0,23890000000.0,29233000000.0,GOOGL,hyperscaler,0.3860698125404008,0.4724143503555268,7752262.0
2023-03-31,61880000000.0,6289000000.0,11468000000.0,GOOGL,hyperscaler,0.1016321913380736,0.1853264382676147,7784844.0
2023-06-30,61880000000.0,13177000000.0,10588000000.0,GOOGL,hyperscaler,0.2129444085326438,0.1711053652230122,7888962.0
2023-09-30,61880000000.0,21232000000.0,11258000000.0,GOOGL,hyperscaler,0.3431157078215902,0.1819327731092437,8038434.0
2023-12-31,61880000000.0,21232000000.0,11258000000.0,GOOGL,hyperscaler,0.3431157078215902,0.1819327731092437,8127426.0
2024-03-31,61880000000.0,12012000000.0,11903000000.0,GOOGL,hyperscaler,0.1941176470588235,0.1923561732385262,8157174.0
2024-06-30,84742000000.0,25198000000.0,11860000000.0,GOOGL,hyperscaler,0.2973496023223431,0.1399542139671001,8334592.0
2024-09-30,88268000000.0,38259000000.0,12447000000.0,GOOGL,hyperscaler,0.4334413377441428,0.1410137309104092,8434011.0
2024-12-31,88268000000.0,38259000000.0,12447000000.0,GOOGL,hyperscaler,0.4334413377441428,0.1410137309104092,8441732.0
2025-03-31,88268000000.0,17197000000.0,13556000000.0,GOOGL,hyperscaler,0.1948271174151447,0.1535777405175148,8734013.0
2025-06-30,96428000000.0,39643000000.0,27364000000.0,GOOGL,hyperscaler,0.4111150288298005,0.2837764964533123,8578704.0
2025-09-30,102346000000.0,63596000000.0,15151000000.0,GOOGL,hyperscaler,0.6213823696089735,0.1480370507885017,8660814.0
2008-09-30,15061000000.0,778000000.0,2283000000.0,MSFT,hyperscaler,0.051656596507536,0.1515835601885665,4169540.0
2008-12-31,16629000000.0,842000000.0,2290000000.0,MSFT,hyperscaler,0.0506344338204341,0.1377112273738649,3900036.0
2009-03-31,13648000000.0,632000000.0,2212000000.0,MSFT,hyperscaler,0.0463071512309495,0.1620750293083235,3604446.0
2009-06-30,13648000000.0,632000000.0,2212000000.0,MSFT,hyperscaler,0.0463071512309495,0.1620750293083235,3450455.0
2009-09-30,12920000000.0,435000000.0,2065000000.0,MSFT,hyperscaler,0.0336687306501548,0.1598297213622291,3464828.0
2009-12-31,19022000000.0,811000000.0,4144000000.0,MSFT,hyperscaler,0.0426348438649984,0.2178530123015455,3597534.0
2010-03-31,14503000000.0,1219000000.0,6364000000.0,MSFT,hyperscaler,0.0840515755360959,0.4388057643246225,3623996.0
2010-06-30,14503000000.0,1219000000.0,6364000000.0,MSFT,hyperscaler,0.0840515755360959,0.4388057643246225,3770764.0
2010-09-30,16195000000.0,564000000.0,2196000000.0,MSFT,hyperscaler,0.0348255634455078,0.1355974066069774,3867806.0
2010-12-31,19953000000.0,1055000000.0,4381000000.0,MSFT,hyperscaler,0.0528742544980704,0.2195659800531248,3892007.0
2011-03-31,19953000000.0,658000000.0,2269000000.0,MSFT,hyperscaler,0.0329774971182278,0.113717235503433,3861338.0
2011-06-30,19953000000.0,658000000.0,2269000000.0,MSFT,hyperscaler,0.0329774971182278,0.113717235503433,3944963.0
2011-09-30,19953000000.0,436000000.0,2329000000.0,MSFT,hyperscaler,0.021851350674084,0.1167243021099584,3976618.0
2011-12-31,19953000000.0,498000000.0,2371000000.0,MSFT,hyperscaler,0.0249586528341602,0.1188292487345261,4178714.0
2012-03-31,19953000000.0,749000000.0,2517000000.0,MSFT,hyperscaler,0.0375382148047912,0.1261464441437378,4266694.0
2012-06-30,19953000000.0,749000000.0,2517000000.0,MSFT,hyperscaler,0.0375382148047912,0.1261464441437378,4331791.0
2012-09-30,19953000000.0,603000000.0,2460000000.0,MSFT,hyperscaler,0.0302210193955796,0.1232897308675387,4339022.0
2012-12-31,19953000000.0,930000000.0,2528000000.0,MSFT,hyperscaler,0.0466095324011426,0.1266977396882674,4345134.0
2013-03-31,19953000000.0,930000000.0,2640000000.0,MSFT,hyperscaler,0.0466095324011426,0.1323109306871147,4455945.0
2013-06-30,19953000000.0,930000000.0,2640000000.0,MSFT,hyperscaler,0.0466095324011426,0.1323109306871147,4488030.0
2013-09-30,19953000000.0,1231000000.0,2767000000.0,MSFT,hyperscaler,0.0616949832105447,0.1386758883375933,4609098.0
2013-12-31,19953000000.0,1732000000.0,2748000000.0,MSFT,hyperscaler,0.0868039893750313,0.1377236505788603,4656154.0
2014-03-31,19953000000.0,4155000000.0,8258000000.0,MSFT,hyperscaler,0.2082393625018794,0.4138726006114369,4634194.0
2014-06-30,19953000000.0,4155000000.0,8258000000.0,MSFT,hyperscaler,0.2082393625018794,0.4138726006114369,4818825.0
2014-09-30,19953000000.0,1282000000.0,3065000000.0,MSFT,hyperscaler,0.0642509898260913,0.1536109858166691,4921976.0
2014-12-31,19953000000.0,2772000000.0,5968000000.0,MSFT,hyperscaler,0.1389264772214704,0.2991028917957199,4972633.0
2015-03-31,19953000000.0,4163000000.0,8952000000.0,MSFT,hyperscaler,0.2086403047160828,0.4486543376935799,5081280.0
2015-06-30,19953000000.0,4163000000.0,8952000000.0,MSFT,hyperscaler,0.2086403047160828,0.4486543376935799,5133740.0
2015-09-30,19953000000.0,1356000000.0,2962000000.0,MSFT,hyperscaler,0.0679597053074725,0.1484488548088006,5159649.0
2015-12-31,19953000000.0,3380000000.0,5862000000.0,MSFT,hyperscaler,0.1693980855009272,0.2937904074575251,5129514.0
2016-03-31,19953000000.0,2308000000.0,2980000000.0,MSFT,hyperscaler,0.1156718287976745,0.1493509747907583,5125028.0
2016-06-30,19953000000.0,2308000000.0,2980000000.0,MSFT,hyperscaler,0.1156718287976745,0.1493509747907583,5131559.0
2016-09-30,19953000000.0,2163000000.0,3106000000.0,MSFT,hyperscaler,0.1084047511652383,0.1556658146644614,5165786.0
2016-12-31,19953000000.0,1988000000.0,3062000000.0,MSFT,hyperscaler,0.0996341402295394,0.1534606324863429,5282608.0
2017-03-31,19953000000.0,5846000000.0,9523000000.0,MSFT,hyperscaler,0.2929885230291184,0.477271588232346,5294668.0
2017-06-30,19953000000.0,5846000000.0,9523000000.0,MSFT,hyperscaler,0.2929885230291184,0.477271588232346,5384584.0
2017-09-30,19953000000.0,2132000000.0,3574000000.0,MSFT,hyperscaler,0.1068511000852002,0.1791209341953591,5481513.0
2017-12-31,19953000000.0,4718000000.0,7078000000.0,MSFT,hyperscaler,0.2364556708264421,0.3547336240164386,5622002.0
2018-03-31,19953000000.0,2934000000.0,3715000000.0,MSFT,hyperscaler,0.1470455570590888,0.1861875407206936,5715435.0
2018-06-30,19953000000.0,2934000000.0,3715000000.0,MSFT,hyperscaler,0.1470455570590888,0.1861875407206936,5755903.0
2018-09-30,19953000000.0,3602000000.0,3977000000.0,MSFT,hyperscaler,0.1805242319450709,0.1993183982358542,5894057.0
2018-12-31,19953000000.0,3707000000.0,4070000000.0,MSFT,hyperscaler,0.1857865985064902,0.2039793514759685,5905297.0
2019-03-31,19953000000.0,9874000000.0,12363000000.0,MSFT,hyperscaler,0.4948629278805192,0.6196060742745452,5975893.0
2019-06-30,19953000000.0,9874000000.0,12363000000.0,MSFT,hyperscaler,0.4948629278805192,0.6196060742745452,6064499.0
2019-09-30,19953000000.0,3385000000.0,4565000000.0,MSFT,hyperscaler,0.1696486743848043,0.2287876509798025,6137987.0
2019-12-31,19953000000.0,3545000000.0,4603000000.0,MSFT,hyperscaler,0.1776675186688718,0.2306921264972685,6087481.0
2020-03-31,19953000000.0,3767000000.0,4887000000.0,MSFT,hyperscaler,0.1887936651130156,0.2449255751014885,5992472.0
2020-06-30,19953000000.0,3767000000.0,4887000000.0,MSFT,hyperscaler,0.1887936651130156,0.2449255751014885,5447396.0
2020-09-30,19953000000.0,4907000000.0,4926000000.0,MSFT,hyperscaler,0.2459279306369969,0.2468801683957299,6358582.0
2020-12-31,19953000000.0,9081000000.0,9825000000.0,MSFT,hyperscaler,0.4551195308976093,0.4924071568185235,6551112.0
2021-03-31,19953000000.0,14170000000.0,15029000000.0,MSFT,hyperscaler,0.7101688969077332,0.7532200671578209,6645978.0
2021-06-30,19953000000.0,14170000000.0,15029000000.0,MSFT,hyperscaler,0.7101688969077332,0.7532200671578209,6767112.0
2021-09-30,19953000000.0,5810000000.0,5599000000.0,MSFT,hyperscaler,0.2911842830652032,0.2806094321655891,6897278.0
2021-12-31,19953000000.0,5865000000.0,5758000000.0,MSFT,hyperscaler,0.2939407607878515,0.2885781586728813,7350034.0
2022-03-31,19953000000.0,5340000000.0,6306000000.0,MSFT,hyperscaler,0.2676289279807547,0.3160427003458126,7598204.0
2022-06-30,19953000000.0,5340000000.0,6306000000.0,MSFT,hyperscaler,0.2676289279807547,0.3160427003458126,7614309.0
2022-09-30,19953000000.0,6283000000.0,6628000000.0,MSFT,hyperscaler,0.3148899914799779,0.3321806244674986,7632395.0
2022-12-31,19953000000.0,12557000000.0,13472000000.0,MSFT,hyperscaler,0.6293289229689771,0.6751866887184884,7752262.0
2023-03-31,19953000000.0,19164000000.0,20456000000.0,MSFT,hyperscaler,0.960457074124192,1.0252092417180374,7784844.0
2023-06-30,19953000000.0,19164000000.0,20456000000.0,MSFT,hyperscaler,0.960457074124192,1.0252092417180374,7888962.0
2023-09-30,19953000000.0,9917000000.0,6659000000.0,MSFT,hyperscaler,0.4970179922818624,0.3337342755475367,8038434.0
2023-12-31,19953000000.0,9735000000.0,7142000000.0,MSFT,hyperscaler,0.4878965569087355,0.3579411617300656,8127426.0
2024-03-31,19953000000.0,10952000000.0,7653000000.0,MSFT,hyperscaler,0.5488898912444244,0.3835513456623064,8157174.0
2024-06-30,19953000000.0,10952000000.0,7653000000.0,MSFT,hyperscaler,0.5488898912444244,0.3835513456623064,8334592.0
2024-09-30,19953000000.0,14923000000.0,7544000000.0,MSFT,hyperscaler,0.7479075828196261,0.3780885079937854,8434011.0
2024-12-31,19953000000.0,15804000000.0,7917000000.0,MSFT,hyperscaler,0.7920613441587732,0.3967824387310179,8441732.0
2025-03-31,19953000000.0,16745000000.0,8198000000.0,MSFT,hyperscaler,0.8392221721044455,0.4108655340049115,8734013.0
2025-06-30,19953000000.0,16745000000.0,8198000000.0,MSFT,hyperscaler,0.8392221721044455,0.4108655340049115,8578704.0
2025-09-30,19953000000.0,19394000000.0,8146000000.0,MSFT,hyperscaler,0.971984162782539,0.4082594096125896,8660814.0
2025-12-31,19953000000.0,29876000000.0,8504000000.0,MSFT,hyperscaler,1.497318698942515,0.4262015736981907,
2008-06-30,,69000000.0,,AMZN,hyperscaler,,,4241268.0
2008-09-30,,231000000.0,,AMZN,hyperscaler,,,4169540.0
2008-12-31,,231000000.0,,AMZN,hyperscaler,,,3900036.0
2009-03-31,,55000000.0,,AMZN,hyperscaler,,,3604446.0
2009-06-30,,133000000.0,,AMZN,hyperscaler,,,3450455.0
2009-09-30,,236000000.0,,AMZN,hyperscaler,,,3464828.0
2009-12-31,,236000000.0,,AMZN,hyperscaler,,,3597534.0
2010-03-31,,458000000.0,,AMZN,hyperscaler,,,3623996.0
2010-06-30,,196000000.0,,AMZN,hyperscaler,,,3770764.0
2010-09-30,,788000000.0,,AMZN,hyperscaler,,,3867806.0
2010-12-31,,788000000.0,,AMZN,hyperscaler,,,3892007.0
2011-03-31,,298000000.0,,AMZN,hyperscaler,,,3861338.0
2011-06-30,,1374000000.0,,AMZN,hyperscaler,,,3944963.0
2011-09-30,,1589000000.0,,AMZN,hyperscaler,,,3976618.0
2011-12-31,,1589000000.0,,AMZN,hyperscaler,,,4178714.0
2012-03-31,,1899000000.0,,AMZN,hyperscaler,,,4266694.0
2012-06-30,,2123000000.0,,AMZN,hyperscaler,,,4331791.0
2012-09-30,,1759000000.0,,AMZN,hyperscaler,,,4339022.0
2012-12-31,,1759000000.0,,AMZN,hyperscaler,,,4345134.0
2013-03-31,,4068000000.0,,AMZN,hyperscaler,,,4455945.0
2013-06-30,,1526000000.0,,AMZN,hyperscaler,,,4488030.0
2013-09-30,,1038000000.0,,AMZN,hyperscaler,,,4609098.0
2013-12-31,,1038000000.0,,AMZN,hyperscaler,,,4656154.0
2014-03-31,,3854000000.0,,AMZN,hyperscaler,,,4634194.0
2014-06-30,,1290000000.0,,AMZN,hyperscaler,,,4818825.0
2014-09-30,,4628000000.0,,AMZN,hyperscaler,,,4921976.0
2014-12-31,,4628000000.0,,AMZN,hyperscaler,,,4972633.0
2015-03-31,,871000000.0,,AMZN,hyperscaler,,,5081280.0
2015-06-30,,2084000000.0,,AMZN,hyperscaler,,,5133740.0
2015-09-30,,1195000000.0,,AMZN,hyperscaler,,,5159649.0
2015-12-31,,1195000000.0,,AMZN,hyperscaler,,,5129514.0
2016-03-31,,1179000000.0,,AMZN,hyperscaler,,,5125028.0
2016-06-30,,5395000000.0,,AMZN,hyperscaler,,,5131559.0
2016-09-30,,1841000000.0,,AMZN,hyperscaler,,,5165786.0
2016-12-31,,1841000000.0,,AMZN,hyperscaler,,,5282608.0
2017-03-31,,1861000000.0,,AMZN,hyperscaler,,,5294668.0
2017-06-30,,1861000000.0,,AMZN,hyperscaler,,,5384584.0
2017-09-30,43744000000.0,1861000000.0,,AMZN,hyperscaler,0.0425429773226042,,5481513.0
2017-12-31,43744000000.0,1861000000.0,,AMZN,hyperscaler,0.0425429773226042,,5622002.0
2018-03-31,51042000000.0,1861000000.0,,AMZN,hyperscaler,0.0364601700560322,,5715435.0
2018-06-30,52886000000.0,1861000000.0,,AMZN,hyperscaler,0.0351888968725182,,5755903.0
2018-09-30,160504000000.0,1861000000.0,,AMZN,hyperscaler,0.0115947266111748,,5894057.0
2018-12-31,160504000000.0,1861000000.0,,AMZN,hyperscaler,0.0115947266111748,,5905297.0
2019-03-31,59700000000.0,1861000000.0,,AMZN,hyperscaler,0.0311725293132328,,5975893.0
2019-06-30,63404000000.0,1861000000.0,,AMZN,hyperscaler,0.0293514604756797,,6064499.0
2019-09-30,193086000000.0,1861000000.0,,AMZN,hyperscaler,0.0096381923080906,,6137987.0
2019-12-31,193086000000.0,1861000000.0,,AMZN,hyperscaler,0.0096381923080906,,6087481.0
2020-03-31,75452000000.0,1861000000.0,,AMZN,hyperscaler,0.0246646874834331,,5992472.0
2020-06-30,88912000000.0,1861000000.0,,AMZN,hyperscaler,0.0209308079899226,,5447396.0
2020-09-30,96145000000.0,1861000000.0,,AMZN,hyperscaler,0.0193561807686307,,6358582.0
2020-12-31,96145000000.0,1861000000.0,,AMZN,hyperscaler,0.0193561807686307,,6551112.0
2021-03-31,108518000000.0,1861000000.0,,AMZN,hyperscaler,0.0171492286993862,,6645978.0
2021-06-30,113080000000.0,1861000000.0,,AMZN,hyperscaler,0.0164573753095153,,6767112.0
2021-09-30,110812000000.0,1861000000.0,,AMZN,hyperscaler,0.0167942100133559,,6897278.0
2021-12-31,110812000000.0,1861000000.0,,AMZN,hyperscaler,0.0167942100133559,,7350034.0
2022-03-31,116444000000.0,1861000000.0,,AMZN,hyperscaler,0.0159819312287451,,7598204.0
2022-06-30,237678000000.0,1861000000.0,,AMZN,hyperscaler,0.0078299211538299,,7614309.0
2022-09-30,127101000000.0,1861000000.0,,AMZN,hyperscaler,0.0146418989622426,,7632395.0
2022-12-31,127101000000.0,1861000000.0,,AMZN,hyperscaler,0.0146418989622426,,7752262.0
2023-03-31,127358000000.0,1861000000.0,,AMZN,hyperscaler,0.0146123525809136,,7784844.0
2023-06-30,134383000000.0,1861000000.0,,AMZN,hyperscaler,0.0138484778580624,,7888962.0
2023-09-30,404824000000.0,1861000000.0,,AMZN,hyperscaler,0.0045970594628776,,8038434.0
2023-12-31,404824000000.0,1861000000.0,,AMZN,hyperscaler,0.0045970594628776,,8127426.0
2024-03-31,143313000000.0,1861000000.0,,AMZN,hyperscaler,0.0129855630682492,,8157174.0
2024-06-30,291290000000.0,1861000000.0,,AMZN,hyperscaler,0.0063888221360156,,8334592.0
2024-09-30,158877000000.0,1861000000.0,,AMZN,hyperscaler,0.0117134638745696,,8434011.0
2024-12-31,158877000000.0,1861000000.0,,AMZN,hyperscaler,0.0117134638745696,,8441732.0
2025-03-31,155667000000.0,1861000000.0,,AMZN,hyperscaler,0.0119550065203286,,8734013.0
2025-06-30,167702000000.0,1861000000.0,,AMZN,hyperscaler,0.011097065032021,,8578704.0
2025-09-30,180169000000.0,1861000000.0,,AMZN,hyperscaler,0.0103291909262969,,8660814.0
2010-06-30,28405000.0,15287000.0,15416000.0,TSLA,energy,0.5381798979052984,0.54272135187467,3770764.0
2010-09-30,31241000.0,23055000.0,26698000.0,TSLA,energy,0.737972536090394,0.8545821196504594,3867806.0
2010-12-31,31241000.0,23055000.0,26698000.0,TSLA,energy,0.737972536090394,0.8545821196504594,3892007.0
2011-03-31,49030000.0,20476000.0,41162000.0,TSLA,energy,0.4176218641647971,0.8395268203140934,3861338.0
2011-06-30,58171000.0,74790000.0,52531000.0,TSLA,energy,1.2856921833903492,0.903044472331574,3944963.0
2011-09-30,57666000.0,143634000.0,54083000.0,TSLA,energy,2.490791801061284,0.9378663337148406,3976618.0
2011-12-31,57666000.0,143634000.0,54083000.0,TSLA,energy,2.490791801061284,0.9378663337148406,4178714.0
2012-03-31,30167000.0,54774000.0,68391000.0,TSLA,energy,1.8156926442801735,2.26707992176882,4266694.0
2012-06-30,56820000.0,112777000.0,143245000.0,TSLA,energy,1.9848116860260472,2.521031326997536,4331791.0
2012-09-30,106924000.0,175175000.0,205146000.0,TSLA,energy,1.6383131944184657,1.9186150910927389,4339022.0
2012-12-31,106924000.0,175175000.0,205146000.0,TSLA,energy,1.6383131944184657,1.9186150910927389,4345134.0
2013-03-31,561792000.0,57727000.0,54859000.0,TSLA,energy,0.102755112212349,0.0976500199362041,4455945.0
2013-06-30,405139000.0,98242000.0,52312000.0,TSLA,energy,0.242489614675457,0.1291211164563273,4488030.0
2013-09-30,431346000.0,174790000.0,56351000.0,TSLA,energy,0.405219939445364,0.1306399039286327,4609098.0
2013-12-31,431346000.0,174790000.0,56351000.0,TSLA,energy,0.405219939445364,0.1306399039286327,4656154.0
2014-03-31,620542000.0,141364000.0,81544000.0,TSLA,energy,0.2278073039375255,0.1314077048773491,4634194.0
2014-06-30,769349000.0,317049000.0,107717000.0,TSLA,energy,0.4121003601746411,0.1400105803737965,4818825.0
2014-09-30,851804000.0,601224000.0,135873000.0,TSLA,energy,0.7058243445675296,0.1595120473724002,4921976.0
2014-12-31,851804000.0,601224000.0,135873000.0,TSLA,energy,0.7058243445675296,0.1595120473724002,4972633.0
2015-03-31,939880000.0,426060000.0,167154000.0,TSLA,energy,0.4533131889177342,0.177846108013789,5081280.0
2015-06-30,1894856000.0,831225000.0,348866000.0,TSLA,energy,0.4386744955817223,0.1841121436140793,5133740.0
2015-09-30,936789000.0,1223628000.0,178791000.0,TSLA,energy,1.3061938173911094,0.1908551445416203,5159649.0
2015-12-31,936789000.0,1223628000.0,178791000.0,TSLA,energy,1.3061938173911094,0.1908551445416203,5129514.0
2016-03-31,1147048000.0,216859000.0,182482000.0,TSLA,energy,0.1890583480377456,0.159088372936442,5125028.0
2016-06-30,1270017000.0,511579000.0,191664000.0,TSLA,energy,0.4028127182549525,0.1509145153175115,5131559.0
2016-09-30,2298436000.0,759190000.0,214302000.0,TSLA,energy,0.3303072176036226,0.0932381845742061,5165786.0
2016-12-31,2298436000.0,759190000.0,214302000.0,TSLA,energy,0.3303072176036226,0.0932381845742061,5282608.0
2017-03-31,2696270000.0,552624000.0,322040000.0,TSLA,energy,0.2049587022071231,0.1194390769470416,5294668.0
2017-06-30,2789557000.0,1511692000.0,369774000.0,TSLA,energy,0.5419111349938359,0.1325565313775628,5384584.0
2017-09-30,2984675000.0,2628126000.0,331622000.0,TSLA,energy,0.8805400923048573,0.111108244616248,5481513.0
2017-12-31,2984675000.0,2628126000.0,331622000.0,TSLA,energy,0.8805400923048573,0.111108244616248,5622002.0
2018-03-31,3408751000.0,655662000.0,367096000.0,TSLA,energy,0.1923466982481266,0.1076922309667089,5715435.0
2018-06-30,4002231000.0,1265475000.0,386129000.0,TSLA,energy,0.316192393692418,0.0964784391505637,5755903.0
2018-09-30,14235000000.0,1776000000.0,1104000000.0,TSLA,energy,0.1247629083245521,0.0775553213909378,5894057.0
2018-12-31,14235000000.0,1776000000.0,1104000000.0,TSLA,energy,0.1247629083245521,0.0775553213909378,5905297.0
2019-03-31,4541000000.0,280000000.0,340000000.0,TSLA,energy,0.0616604272186743,0.0748733759083902,5975893.0
2019-06-30,10891000000.0,530000000.0,664000000.0,TSLA,energy,0.0486640345239188,0.0609677715544945,6064499.0
2019-09-30,6303000000.0,915000000.0,334000000.0,TSLA,energy,0.1451689671584959,0.0529906393780739,6137987.0
2019-12-31,6303000000.0,915000000.0,334000000.0,TSLA,energy,0.1451689671584959,0.0529906393780739,6087481.0
2020-03-31,5985000000.0,455000000.0,324000000.0,TSLA,energy,0.0760233918128654,0.0541353383458646,5992472.0
2020-06-30,12021000000.0,1001000000.0,603000000.0,TSLA,energy,0.0832709425172614,0.0501622161217868,5447396.0
2020-09-30,8771000000.0,2006000000.0,366000000.0,TSLA,energy,0.2287082430737658,0.0417284232128605,6358582.0
2020-12-31,8771000000.0,2006000000.0,366000000.0,TSLA,energy,0.2287082430737658,0.0417284232128605,6551112.0
2021-03-31,10389000000.0,1348000000.0,666000000.0,TSLA,energy,0.1297526229665992,0.0641062662431417,6645978.0
2021-06-30,22347000000.0,2853000000.0,1242000000.0,TSLA,energy,0.1276681433749496,0.0555779299234796,6767112.0
2021-09-30,13757000000.0,4672000000.0,611000000.0,TSLA,energy,0.3396089263647597,0.0444137529984735,6897278.0
2021-12-31,13757000000.0,4672000000.0,611000000.0,TSLA,energy,0.3396089263647597,0.0444137529984735,7350034.0
2022-03-31,18756000000.0,1767000000.0,865000000.0,TSLA,energy,0.0942098528470889,0.0461185753892087,7598204.0
2022-06-30,16934000000.0,3497000000.0,667000000.0,TSLA,energy,0.2065076178103224,0.0393882130624778,7614309.0
2022-09-30,21454000000.0,5300000000.0,733000000.0,TSLA,energy,0.2470401789876014,0.0341661228675305,7632395.0
2022-12-31,21454000000.0,5300000000.0,733000000.0,TSLA,energy,0.2470401789876014,0.0341661228675305,7752262.0
2023-03-31,23329000000.0,2072000000.0,771000000.0,TSLA,energy,0.0888164944918342,0.0330489948133224,7784844.0
2023-06-30,24927000000.0,4132000000.0,943000000.0,TSLA,energy,0.1657640309704336,0.0378304649576764,7888962.0
2023-09-30,23350000000.0,6592000000.0,1161000000.0,TSLA,energy,0.2823126338329764,0.0497216274089935,8038434.0
2023-12-31,23350000000.0,6592000000.0,1161000000.0,TSLA,energy,0.2823126338329764,0.0497216274089935,8127426.0
2024-03-31,21301000000.0,2777000000.0,1151000000.0,TSLA,energy,0.130369466222243,0.054035021829961,8157174.0
2024-06-30,46801000000.0,5049000000.0,2225000000.0,TSLA,energy,0.1078823102070468,0.0475417191940343,8334592.0
2024-09-30,25182000000.0,8562000000.0,1039000000.0,TSLA,energy,0.3400047653085537,0.0412596298943689,8434011.0
2024-12-31,25182000000.0,8562000000.0,1039000000.0,TSLA,energy,0.3400047653085537,0.0412596298943689,8441732.0
2025-03-31,19335000000.0,1492000000.0,1409000000.0,TSLA,energy,0.0771657615722782,0.0728730281872252,8734013.0
2025-06-30,22496000000.0,3886000000.0,1589000000.0,TSLA,energy,0.1727418207681365,0.0706347795163584,8578704.0
2025-09-30,28095000000.0,6134000000.0,1630000000.0,TSLA,energy,0.2183306638191849,0.0580174408257697,8660814.0
2008-06-30,,8851000000.0,,XOM,energy,,,4241268.0
2008-09-30,,13993000000.0,,XOM,energy,,,4169540.0
2008-12-31,,13993000000.0,,XOM,energy,,,3900036.0
2009-03-31,,4673000000.0,,XOM,energy,,,3604446.0
2009-06-30,,10238000000.0,,XOM,energy,,,3450455.0
2009-09-30,,15728000000.0,,XOM,energy,,,3464828.0
2009-12-31,,15728000000.0,,XOM,energy,,,3597534.0
2010-03-31,,5756000000.0,,XOM,energy,,,3623996.0
2010-06-30,,11400000000.0,,XOM,energy,,,3770764.0
2010-09-30,,19201000000.0,,XOM,energy,,,3867806.0
2010-12-31,,19201000000.0,,XOM,energy,,,3892007.0
2011-03-31,,7051000000.0,,XOM,energy,,,3861338.0
2011-06-30,,14863000000.0,,XOM,energy,,,3944963.0
2011-09-30,,22341000000.0,,XOM,energy,,,3976618.0
2011-12-31,,22341000000.0,,XOM,energy,,,4178714.0
2012-03-31,,7843000000.0,,XOM,energy,,,4266694.0
2012-06-30,,16188000000.0,,XOM,energy,,,4331791.0
2012-09-30,,24214000000.0,,XOM,energy,,,4339022.0
2012-12-31,,24214000000.0,,XOM,energy,,,4345134.0
2013-03-31,,7494000000.0,,XOM,energy,,,4455945.0
2013-06-30,,16145000000.0,,XOM,energy,,,4488030.0
2013-09-30,,25243000000.0,,XOM,energy,,,4609098.0
2013-12-31,,25243000000.0,,XOM,energy,,,4656154.0
2014-03-31,,7328000000.0,,XOM,energy,,,4634194.0
2014-06-30,,15870000000.0,,XOM,energy,,,4818825.0
2014-09-30,,24068000000.0,,XOM,energy,,,4921976.0
2014-12-31,,24068000000.0,,XOM,energy,,,4972633.0
2015-03-31,,6844000000.0,,XOM,energy,,,5081280.0
2015-06-30,,13953000000.0,,XOM,energy,,,5133740.0
2015-09-30,,20354000000.0,,XOM,energy,,,5159649.0
2015-12-31,,20354000000.0,,XOM,energy,,,5129514.0
2016-03-31,,4601000000.0,,XOM,energy,,,5125028.0
2016-06-30,,8872000000.0,,XOM,energy,,,5131559.0
2016-09-30,,12276000000.0,,XOM,energy,,,5165786.0
2016-12-31,,12276000000.0,,XOM,energy,,,5282608.0
2017-03-31,56474000000.0,2890000000.0,,XOM,energy,0.0511739915713425,,5294668.0
2017-06-30,56026000000.0,5988000000.0,,XOM,energy,0.1068789490593652,,5384584.0
2017-09-30,59350000000.0,10901000000.0,,XOM,energy,0.1836731255265375,,5481513.0
2017-12-31,59350000000.0,10901000000.0,,XOM,energy,0.1836731255265375,,5622002.0
2018-03-31,65436000000.0,3349000000.0,,XOM,energy,0.0511797787150803,,5715435.0
2018-06-30,136892000000.0,8276000000.0,,XOM,energy,0.0604564181982877,,5755903.0
2018-09-30,218317000000.0,13480000000.0,,XOM,energy,0.0617450771126389,,5894057.0
2018-12-31,218317000000.0,13480000000.0,,XOM,energy,0.0617450771126389,,5905297.0
2019-03-31,63625000000.0,5199000000.0,,XOM,energy,0.081713163064833,,5975893.0
2019-06-30,69091000000.0,11372000000.0,,XOM,energy,0.164594520270368,,6064499.0
2019-09-30,65049000000.0,17657000000.0,,XOM,energy,0.2714415286937539,,6137987.0
2019-12-31,65049000000.0,17657000000.0,,XOM,energy,0.2714415286937539,,6087481.0
2020-03-31,56158000000.0,5945000000.0,,XOM,energy,0.1058620321236511,,5992472.0
2020-06-30,88763000000.0,10362000000.0,,XOM,energy,0.116737829951669,,5447396.0
2020-09-30,134962000000.0,13653000000.0,,XOM,energy,0.1011618085090618,,6358582.0
2020-12-31,134962000000.0,13653000000.0,,XOM,energy,0.1011618085090618,,6551112.0
2021-03-31,59147000000.0,2400000000.0,,XOM,energy,0.0405768678039461,,6645978.0
2021-06-30,126889000000.0,5147000000.0,,XOM,energy,0.0405630117661893,,6767112.0
2021-09-30,200675000000.0,7987000000.0,,XOM,energy,0.0398006727295378,,6897278.0
2021-12-31,200675000000.0,7987000000.0,,XOM,energy,0.0398006727295378,,7350034.0
2022-03-31,90500000000.0,3911000000.0,,XOM,energy,0.0432154696132596,,7598204.0
2022-06-30,115681000000.0,7748000000.0,,XOM,energy,0.0669772909985218,,7614309.0
2022-09-30,112070000000.0,12624000000.0,,XOM,energy,0.1126438832872312,,7632395.0
2022-12-31,112070000000.0,12624000000.0,,XOM,energy,0.1126438832872312,,7752262.0
2023-03-31,86564000000.0,5412000000.0,,XOM,energy,0.0625202162561804,,7784844.0
2023-06-30,82914000000.0,10771000000.0,,XOM,energy,0.1299056854089779,,7888962.0
2023-09-30,90760000000.0,15691000000.0,,XOM,energy,0.1728845306302336,,8038434.0
2023-12-31,90760000000.0,15691000000.0,,XOM,energy,0.1728845306302336,,8127426.0
2024-03-31,83083000000.0,5074000000.0,,XOM,energy,0.0610714586618201,,8157174.0
2024-06-30,176143000000.0,11309000000.0,,XOM,energy,0.0642035164610572,,8334592.0
2024-09-30,90016000000.0,17469000000.0,,XOM,energy,0.1940654994667614,,8434011.0
2024-12-31,90016000000.0,17469000000.0,,XOM,energy,0.1940654994667614,,8441732.0
2025-03-31,83130000000.0,5898000000.0,,XOM,energy,0.070949115842656,,8734013.0
2025-06-30,164636000000.0,12181000000.0,,XOM,energy,0.0739874632522656,,8578704.0
2025-09-30,85294000000.0,20908000000.0,,XOM,energy,0.245128613970502,,8660814.0
2008-06-30,3585000000.0,,,NEE,energy,,,4241268.0
2008-09-30,5387000000.0,,,NEE,energy,,,4169540.0
2008-12-31,5387000000.0,,,NEE,energy,,,3900036.0
2009-03-31,3705000000.0,,,NEE,energy,,,3604446.0
2009-06-30,3811000000.0,,,NEE,energy,,,3450455.0
2009-09-30,4473000000.0,,,NEE,energy,,,3464828.0
2009-12-31,4473000000.0,,,NEE,energy,,,3597534.0
2010-03-31,3622000000.0,,,NEE,energy,,,3623996.0
2010-06-30,7213000000.0,,,NEE,energy,,,3770764.0
2010-09-30,4691000000.0,,,NEE,energy,,,3867806.0
2010-12-31,4691000000.0,,,NEE,energy,,,3892007.0
2011-03-31,3134000000.0,,,NEE,energy,,,3861338.0
2011-06-30,7094000000.0,,,NEE,energy,,,3944963.0
2011-09-30,11476000000.0,,,NEE,energy,,,3976618.0
2011-12-31,11476000000.0,,,NEE,energy,,,4178714.0
2012-03-31,3371000000.0,,,NEE,energy,,,4266694.0
2012-06-30,3667000000.0,,,NEE,energy,,,4331791.0
2012-09-30,3843000000.0,,,NEE,energy,,,4339022.0
2012-12-31,3843000000.0,,,NEE,energy,,,4345134.0
2013-03-31,3279000000.0,,,NEE,energy,,,4455945.0
2013-06-30,3833000000.0,,,NEE,energy,,,4488030.0
2013-09-30,4394000000.0,,,NEE,energy,,,4609098.0
2009-06-30,,60459000.0,14953000.0,ALB,mining,,,3450455.0
2009-09-30,,83610000.0,14983000.0,ALB,mining,,,3464828.0
2009-12-31,,83610000.0,14983000.0,ALB,mining,,,3597534.0
2010-03-31,,16141000.0,14719000.0,ALB,mining,,,3623996.0
2010-06-30,,33930000.0,14667000.0,ALB,mining,,,3770764.0
2010-09-30,,50006000.0,43722000.0,ALB,mining,,,3867806.0
2010-12-31,,50006000.0,43722000.0,ALB,mining,,,3892007.0
2011-03-31,,31894000.0,17615000.0,ALB,mining,,,3861338.0
2011-06-30,,67627000.0,37562000.0,ALB,mining,,,3944963.0
2011-09-30,,127111000.0,58096000.0,ALB,mining,,,3976618.0
2011-12-31,,127111000.0,58096000.0,ALB,mining,,,4178714.0
2012-03-31,,54784000.0,19049000.0,ALB,mining,,,4266694.0
2012-06-30,,126623000.0,39960000.0,ALB,mining,,,4331791.0
2012-09-30,,218708000.0,19831000.0,ALB,mining,,,4339022.0
2012-12-31,,218708000.0,19831000.0,ALB,mining,,,4345134.0
2013-03-31,,55335000.0,19953000.0,ALB,mining,,,4455945.0
2013-06-30,,103168000.0,21565000.0,ALB,mining,,,4488030.0
2013-09-30,,135028000.0,19441000.0,ALB,mining,,,4609098.0
2013-12-31,,135028000.0,19441000.0,ALB,mining,,,4656154.0
2014-03-31,,23667000.0,22572000.0,ALB,mining,,,4634194.0
2014-06-30,,46670000.0,21937000.0,ALB,mining,,,4818825.0
2014-09-30,,76682000.0,22407000.0,ALB,mining,,,4921976.0
2014-12-31,,76682000.0,22407000.0,ALB,mining,,,4972633.0
2015-03-31,,56741000.0,26492000.0,ALB,mining,,,5081280.0
2015-06-30,,111723000.0,21925000.0,ALB,mining,,,5133740.0
2015-09-30,,164568000.0,21903000.0,ALB,mining,,,5159649.0
2015-12-31,,164568000.0,21903000.0,ALB,mining,,,5129514.0
2016-03-31,,58120000.0,19872000.0,ALB,mining,,,5125028.0
2016-06-30,,99509000.0,20500000.0,ALB,mining,,,5131559.0
2016-09-30,,141301000.0,21012000.0,ALB,mining,,,5165786.0
2016-12-31,,141301000.0,21012000.0,ALB,mining,,,5282608.0
2017-03-31,,54143000.0,24323000.0,ALB,mining,,,5294668.0
2017-06-30,,97765000.0,41660000.0,ALB,mining,,,5384584.0
2017-09-30,754866000.0,187519000.0,21763000.0,ALB,mining,0.2484136257295996,0.0288302824607281,5481513.0
2017-12-31,754866000.0,187519000.0,21763000.0,ALB,mining,0.2484136257295996,0.0288302824607281,5622002.0
2018-03-31,821629000.0,131815000.0,20986000.0,ALB,mining,0.160431289547959,0.0255419416792737,5715435.0
2018-06-30,853874000.0,280945000.0,37060000.0,ALB,mining,0.329023954353921,0.043402188144855,5755903.0
2018-09-30,2453251000.0,471675000.0,53670000.0,ALB,mining,0.1922652839028701,0.0218770928861335,5894057.0
2018-12-31,2453251000.0,471675000.0,53670000.0,ALB,mining,0.1922652839028701,0.0218770928861335,5905297.0
2019-03-31,832064000.0,216132000.0,14977000.0,ALB,mining,0.2597540573802015,0.0179998173217444,5975893.0
2019-06-30,885052000.0,415626000.0,13462000.0,ALB,mining,0.469606305618201,0.0152104057162742,6064499.0
2019-09-30,2596863000.0,608456000.0,15585000.0,ALB,mining,0.2343042355334109,0.006001471775754,6137987.0
2019-12-31,2596863000.0,608456000.0,15585000.0,ALB,mining,0.2343042355334109,0.006001471775754,6087481.0
2020-03-31,738845000.0,214529000.0,16097000.0,ALB,mining,0.2903572467838315,0.0217867076315059,5992472.0
2020-06-30,764049000.0,418991000.0,14210000.0,ALB,mining,0.5483823681465456,0.0185982836179354,5447396.0
2020-09-30,746868000.0,621371000.0,13532000.0,ALB,mining,0.8319689690815513,0.0181183288077679,6358582.0
2020-12-31,746868000.0,621371000.0,13532000.0,ALB,mining,0.8319689690815513,0.0181183288077679,6551112.0
2021-03-31,829291000.0,179683000.0,14636000.0,ALB,mining,0.2166706258719798,0.0176488108516793,6645978.0
2021-06-30,773896000.0,396915000.0,13976000.0,ALB,mining,0.5128789914923969,0.0180592741143512,6767112.0
2021-09-30,830566000.0,652739000.0,13289000.0,ALB,mining,0.7858966054473696,0.0159999325760987,6897278.0
2021-12-31,830566000.0,652739000.0,13289000.0,ALB,mining,0.7858966054473696,0.0159999325760987,7350034.0
2022-03-31,1127728000.0,231698000.0,16083000.0,ALB,mining,0.2054555708468708,0.0142614176468084,7598204.0
2022-06-30,2607321000.0,502607000.0,33469000.0,ALB,mining,0.1927675955511423,0.0128365475520658,7614309.0
2022-09-30,2091805000.0,815934000.0,18358000.0,ALB,mining,0.3900621711870848,0.0087761526528524,7632395.0
2022-12-31,2091805000.0,815934000.0,18358000.0,ALB,mining,0.3900621711870848,0.0087761526528524,7752262.0
2023-03-31,2580252000.0,415608000.0,20471000.0,ALB,mining,0.1610726394166151,0.0079337212024251,7784844.0
2023-06-30,2370190000.0,919295000.0,21419000.0,ALB,mining,0.3878570916255658,0.0090368282711512,7888962.0
2023-09-30,7261038000.0,1465193000.0,62972000.0,ALB,mining,0.201788366897405,0.008672589235864,8038434.0
2023-12-31,7261038000.0,2154542000.0,62972000.0,ALB,mining,0.2967264459984922,0.008672589235864,8127426.0
2024-03-31,1360736000.0,583042000.0,23532000.0,ALB,mining,0.4284754720974531,0.0172935822966394,8157174.0
2024-06-30,2791121000.0,1034593000.0,44302000.0,ALB,mining,0.370672930338742,0.0158724756110537,8334592.0
2024-09-30,1354692000.0,1337719000.0,22397000.0,ALB,mining,0.9874709528069848,0.0165329093255145,8434011.0
2024-12-31,1354692000.0,1680529000.0,22397000.0,ALB,mining,1.240524783493222,0.0165329093255145,8441732.0
2025-03-31,1076881000.0,182624000.0,14099000.0,ALB,mining,0.1695860545408452,0.0130924401117672,8734013.0
2025-06-30,1329992000.0,302252000.0,12444000.0,ALB,mining,0.227258509825623,0.0093564472568256,8578704.0
2025-09-30,1307829000.0,434416000.0,12674000.0,ALB,mining,0.3321657494978319,0.0096908693720662,8660814.0
